Eddie;Leffler;35;85500;Boehm, Rolfson and Schoen
Will;Labadie;32;100500;Batz LLC
Hugh;Robel;48;54700;Ullrich-Goldner
Emil;Tremblay;46;94900;Turcotte-Nolan
Natalie;Johnston;31;87600;Lebsack-Sauer
Amina;Ebert;36;41000;Stokes Inc
Eddie;Quigley;27;38400;Windler Inc
Karlee;Daniel;39;105400;Ernser-Grimes
Joany;Walsh;57;47900;Prosacco Inc
Alene;Altenwerth;57;66200;Leannon-Paucek
Ralph;Nicolas;29;35800;Kunde, Morar and Durgan
Juana;Hickle;43;112600;Rau, Ledner and Labadie
Rebeca;Dickinson;34;51300;Harvey and Sons
Mayra;Wolf;59;103400;Rippin, Feeney and Goldner
Bernard;Schaefer;68;47400;Bins Group
Dane;Prosacco;39;82400;Goodwin, Prohaska and Bayer
Lurline;Paucek;32;43900;McGlynn Group
Arjun;Zboncak;49;113300;Wehner-Kirlin
Taylor;Tromp;31;106800;Hirthe Group
Carlos;Muller;70;45400;Metz, Kirlin and Swift
Muhammad;Ratke;36;67900;Klocko, Predovic and Schmeler
Candice;Nienow;54;81900;Kerluke, Bartell and Wolf
Leslie;Jast;33;99200;Ortiz-Gislason
Isidro;Heathcote;45;66400;Schmeler LLC
Therese;Mertz;61;89600;Stark-Gibson
Danyka;Gerhold;63;54000;Bogisich-Walsh
Aurelie;Kiehn;33;98600;Dibbert-Torphy
Jordyn;Kautzer;30;100600;Hudson-Rau
Victoria;Rosenbaum;48;68300;DuBuque, Armstrong and Fritsch
Verdie;Ernser;53;58900;Beahan-Wisozk
Dayne;Greenholt;65;90700;Kuhn-Simonis
Elsa;Aufderhar;70;41900;Gerhold, Cole and Schuster
Solon;O'Keefe;58;65000;Glover Inc
Bert;Cassin;48;94800;Nitzsche, Hermiston and Ritchie
Gia;Abbott;49;84400;Gleason, Strosin and Mitchell
Daisha;Hyatt;46;85500;Hilpert LLC
Irwin;Schaden;58;116300;Flatley, Hintz and King
Lurline;Shanahan;26;42100;Crona-Mueller
Carter;Wilderman;70;59500;Quitzon, Klein and Stehr
Peter;Bosco;34;88200;Heller LLC
Gabrielle;Doyle;32;71400;Jaskolski Inc
Ricky;Conn;58;116000;Brakus, Altenwerth and Senger
Mona;Beer;69;44600;Mohr-Blanda
Raquel;Dickinson;46;99200;Ankunding, Labadie and Kihn
Franz;DuBuque;35;98800;Morar, Berge and Reichel
Tanya;Cummerata;39;103400;Mayer LLC
Bernardo;Ward;70;59700;Rath, Rodriguez and Weissnat
Guillermo;Brakus;31;55500;Hudson, Blanda and Medhurst
Keira;Lakin;24;53800;Cassin, Cormier and Schmidt
Elenor;Goyette;41;84300;Dach and Sons
